[{"@type":"mappingTemplate","id":"@1","name":"mp_DI_All_Connections","description":"","bundleVersion":"0","templateId":"@3","hasParameters":false,"valid":false,"fixedConnection":true,"hasParametersDeployed":false,"fixedConnectionDeployed":false,"tasks":0,"mappingPreviewFileRecordId":"@2","documentType":"","references":[{"@type":"reference","refObjectId":"@1HaWkQ3VYXJhMqh4VqzpAu","refType":"connection"},{"@type":"reference","refObjectId":"@eFC7DH7JAk6cq8NLz1PB2r","refType":"connection"},{"@type":"reference","refObjectId":"@hnAaSksst6QlsQwhaqEg8a","refType":"connection"},{"@type":"reference","refObjectId":"@1E2tIT01BNbgKcbCa4H7CU","refType":"connection"},{"@type":"reference","refObjectId":"@7t2cCQAyX2mhfrL4YGBgQ2","refType":"connection"},{"@type":"reference","refObjectId":"@cwwkqVZ3r0yeN2Nug5umUY","refType":"connection"},{"@type":"reference","refObjectId":"@4piSgftgZpNjnHgHAR3P0A","refType":"connection"},{"@type":"reference","refObjectId":"@5gNc2Gq4lYpbTbQRe0wKYb","refType":"connection"},{"@type":"reference","refObjectId":"@0AmouSfjU9MiEN68rUPE8c","refType":"connection"},{"@type":"reference","refObjectId":"@9dX4XEp8Swycz6XZRP5CI4","refType":"connection"},{"@type":"reference","refObjectId":"@9jzLVzmcw7OktGKwnjlaOs","refType":"connection"},{"@type":"reference","refObjectId":"@dmHvsF3HGAUjTDPXRARaOb","refType":"connection"},{"@type":"reference","refObjectId":"@64ACYZh3SAYhIpq5MfMvgV","refType":"connection"},{"@type":"reference","refObjectId":"@9buGQ0yW0OKiATv1bd0NKH","refType":"connection"},{"@type":"reference","refObjectId":"@7HDwHNl0PmijjP9fkp49WZ","refType":"connection"}]}]